title,price,retail_price,units_sold,uses_ad_boosts,rating,product_quality,badge_fast_shipping,product_color,product_variation_size_id
2020 Summer Vintage Flamingo Print  Pajamas Set Casual Loose T Shirt Top And Elastic Shorts Women Sleepwear Night Wear Loungewear Sets,16,14,100,0,3.76,0,0,white,M
SSHOUSE Summer Casual Sleeveless Soirée Party Soirée sans manches Vêtements de plage sexy Mini robe femme wshC1612242400387A21,8,22,20000,1,3.45,0,0,green,XS
2020 Nouvelle Arrivée Femmes Printemps et Été Plage Porter Longue Mince Cardigan Ouvert Avant Kimono Vert Feuille Imprimé En Mousseline de Soie Cardigan S-5XL,8,43,100,0,3.57,0,0,leopardprint,XS
Hot Summer Cool T-shirt pour les femmes Mode Tops Abeille Lettres imprimées Manches courtes O Neck Coton T-shirts Tops Tee Vêtements,8,8,5000,1,4.03,0,0,black,M
"Femmes Shorts d'été à lacets taille élastique lâche mince pantalon décontracté, plus la taille S-8XL",2.72,3,100,1,3.1,0,0,yellow,S
Plus la taille d'été femmes décontracté sans manches barboteuses combinaisons combinaison de couleur unie jarretelles pantalons lâche salopette,3.92,9,10,0,5,0,0,navyblue,Size-XS
Women Fashion Loose Lace Blouse Blouse V Neck Bat Sleeves T Shirt Hollow Out Tops Plus Grande Taille XS-8XL,7,6,50000,0,3.84,0,0,white,XS
Robe tunique ample femme Robe d'été Robe en jean Robe chemise en jean Robe droite,12,11,1000,0,3.76,0,0,blue,M.
Robe d'été décontractée à manches courtes pour femmes,11,84,100,1,3.47,0,0,black,M
"Femmes d'été, plus la taille décontractée lâche col en V à manches courtes imprimé floral Blouse Tops",5.78,22,5000,0,3.6,0,0,beige,S
Femmes Mode Été Lâche Sans Manches Poches Couleur Unie Maxi Dress Robe Décontractée Plus La Taille,5.79,5,1000,0,3.46,0,0,grey,XXS
Été Sexy Femmes Mode Casual Lâche Tops Casual T-Shirt D'été Col En V Solide Couleur Plus La Taille À Manches Courtes Blouse,6,8,100,1,3.31,0,0,lightblue,XS
Shorts de causalité d'été de nouvelles femmes Pantalon court à cordon Pantalon court lâche,1.91,6,1000,1,3.45,0,0,orange,XS
"Mode féminine sans manches col profond croix sangle spaghetti couleur unie débardeur chemisier lâche plage gilet haut et chemisier été T-shirts décontractés, plus la taille",5.79,42,1000,0,3.32,0,0,red,S
2019 Summer Women's Fashion Nouvelle robe sans manches à pois à encolure en V et à bretelles en V sans dos Mini robes casual casual top,2,2,20000,1,3.65,0,0,yellow,S
Mode d'été Flare Sleeve Plus Size T-shirt hors de l'épaule mignon couleur unie haut chemise à manches longues,11,81,1000,0,3.92,0,0,Black,S
Nouvelle mode d'été pour femmes Robe sans manches à pois à pois et encolure en V Mini robe à bretelles sans dos Robe de soirée sans dos Robes décontractées Top Robes décontractées,11,10,10000,0,3.72,0,0,red,L
2018 New Fashion Women's Tops Sexy Strappy Sleeveless Dentelle sans manches Crop Cops,5,25,100000,1,3.83,0,0,white,S
Débardeur d'été 5 Couleurs Grandes Tailles été Femme Mode Femme Débardeur décontracté sans manches Débardeur été Sexy Découpe dos ouvert double épaisseur (S-5XL),9,9,20000,0,3.82,0,0,blue,S
S ~ 5XL Zipper Vest Tee Nouveau Col En V Sans Manches Plus La Taille Slim Fit Débardeurs D'été Solide Couleur Casual Tops Blouses,7,7,1000,0,3.67,0,0,red,S
Top Maillot de bain Ensembles Mode Maillots de bain Femme Bikini 2016 Sexy rembourré,11,10,5000,0,3.84,0,0,green,S
Gilet d'été pour femmes Gilet de mode couleur unie pour femmes T-shirt sans manches en coton T-shirt à lacets Hollow Sexy Slim T-shirt débardeur à débardeur,5,6,20000,0,3.6,0,0,black,S
Conception de rosée Femmes Mode D'été Sexy Col En V Gilet Bouton Bretelle Spaghetti Débardeur Coton Sans Manches Débardeur Couleur Unie Camisole Casual Lâche Tops Vacances Plage Porter Plus La Taille S-5XL 5 Couleurs,11,26,1000,0,3.38,0,0,armygreen,S
Mode d'été Femmes À Manches Courtes U-cou Slim T-shirt Style Décontracté Coton Pull Femmes Mode Tee Plus La Taille Blouse Tops Tee,7,6,5000,1,3.67,0,0,armygreen,M
Nouvelle mode pour dames Débardeurs d'été Tops Débardeurs d'été Chemises sexy dos nu Gilet d'été Tops,5.71,5,1000,0,3.75,0,0,black,XXS
2018 Mode d'été Femme Camouflage décontracté Camouflage Tank Top Gilet sans manches à col O,9,32,1000,0,4.15,0,0,armygreen,M
Nouveau Femme Dentelle Crochet Bikini Maillot de bain Maillot de bain Maillot de bain Maillot de bain d'été,9,9,1000,0,4.03,0,0,,M
" Printemps/Été Mode Femme ""miel"" Lettre Imprimé sans manches Chemise Sexy Brodée Gilet Bodycon Tricoté Gilet Coton Veste Tenue décontractée Débardeur Décontracté ",5.65,5,20000,0,4.29,1,0,white,S
2020 nouvelle mode d'été femmes sans manches noir blanc rose festonné garniture profonde col en V dentelle gilet solide mince débardeurs Tee,1.74,2,100,1,4.25,0,0,pink,XS
4 Couleur Femmes Mode Casual Couleur Unie Tops Sans Manches Gaine Mode Été Plus La Taille Bref Pull Sans Bretelles Court Coton Tunique Top Crop Top,5.65,6,1000,0,4.06,0,0,white,XXL
HODMEXI Mode Amour Graffiti Imprimer Robe D'été À Manches Courtes Robes De Soirée Plus La Taille Femmes Vêtements Vestidos,14,76,100,0,4.06,0,0,,S
Sweet Beading Cami Débardeurs pour femmes Spaghetti Strap Summer Vest Tops,5.65,6,1000,1,4.37,1,0,black,XXS
Femmes d'été Sling Robes Casual Backless Dress Ladies Floral Printed Dress Swallowtail Dresses Slim Beach Dress,8,7,1000,0,3.81,0,0,khaki,S
T-shirts de couleur unie Bandeau Yoga Gilet Hors Épaule Femmes Sans Bretelles Soutien-Gorge Tube Crop Top,2.66,3,5000,0,3.44,0,0,black,M
Femmes Mode Gilet Plus La Taille Lâche Casual Pure Couleur Dentelle Sans Manches Camisole D'été Débardeurs,9,8,10000,0,3.8,0,0,yellow,S
Imprimé floral épaule froide à volants été manches courtes chemisier fluide grande taille hauts sexy,11,10,1000,0,4.16,1,0,white,S
Mode d'été femme papillon réservoir gilet sans manches col rond haut décontracté,8,17,100,1,2.75,0,0,blue,S
New Women Ladies Fashion Summer Skinny High Wasist Washed Short Jeans Pants,14,12,5000,1,4.06,0,0,navyblue,XXS
Sweat-shirt à manches longues en coton à col rond pour femmes,5.8,8,100,1,3.83,0,0,armygreen,XS
5 Couleur Femmes De Mode D'été Mince Sans Manches Imprimé Camouflage Robe Taille Haute À Lacets Casual Poche Mini Robes Plus La Taille S-5XL,13,13,1000,0,4.16,1,0,pink,S
Sexy Women Casual T-shirt rayé Long Tops Chemisier Chemisier Kaftan Beach Shirt Mini Robe,9,81,50000,0,4.26,1,0,black,L
Mode féminine été bretelles spaghetti imprimé floral nouer devant mini robe robe sexy,7,68,10,0,1.5,0,0,white,S
NOUVEAU Red Bull Summer Mens Casual Shorts Pants Loose Cotton Movement Dry Rapidly Fitness Shorts,12,14,100,1,3.79,0,0,black,S
Été Nouvelles Femmes Mode Let It ~ Abeille Imprimé Casual Col Rond T-shirt Graphique Mignon À Manches Courtes T-shirts En Coton,3.69,40,100,0,3.53,0,0,grey,XS
Nouveau Mode Femmes Dames Crochet Kimono Tops Manteau Creux,5,5,10000,1,3.82,0,0,white,
Women Spring and Summer Fashion Soild Color Vest Off Shoulder Bandage Vest Casual Low Cut Sport Wear Ladies Bodycon Sleeveless Tank Top,5.84,56,100,0,3.28,0,0,armygreen,S
Costume de sport cool pour hommes d'été Vêtements de sport Costumes de jogging décontractés Ensembles de tenues à manches courtes,16,14,10,0,3,0,0,green,S.
Fashion Femmes Combinaisons Salopette Bohemia Maxi Robe Longue Femmes Robe Longue Imprimée Robe Femme Rose Boho Beach Shorts,13,50,1000,0,4.03,0,0,red & blue,S
Robe d'été imprimée à fleurs à manches longues à col en V et à manches longues pour femmes,9,8,10000,0,3.18,0,0,white,S
"Summer Fashion New Women Letter Funny O-neck T-shirt "" I Only Look Up To You "" Love T-shirt / "" Don't Flatter Yourself "" Graphic Tee / March T-shirt",7,6,100,0,3.8,0,0,black,S
Femmes Mode D'été Col En V Camisole Gilet Couleur Unie Tops Sans Manches T-shirt Lâche Casual Plus La Taille Débardeurs,11,20,100,0,3.43,0,0,white,S
Mode féminine Maillots de bain Deux pièces Split Bikini Set Summer Printed Beach Bathing Swimsuits,5.84,11,1000,0,4.19,0,0,blue,XXS
Womens Fashion 3D Skull Print Cut Out Back Tank Top Summer Chemise graphique sans manches Slim Fit Cotton Gothic Tee Tops Plus Size Vest,1,11,1000,1,3.8,0,0,blue,XXS
"Femmes lâche décontracté imprimé col en V robe longue, plus la taille vague point robe robe d'été",11,60,1000,1,3.38,0,0,white,s
NOUVEAU Femmes D'été Floral Sans Manches Bretelles Spaghetti Dos Nu Robe Décontractée Robe Courte MINI Robe Robe De Soirée Plus La Taille S-5XL,9,8,5000,1,4.03,0,0,blue & pink,L
Femmes Sexy dentelle Patchwork col en V Col en V Robe de plage d'été sans dos Mini-robe,6,56,1000,1,3.5,0,0,RED,choose a size
Nouvelle mode d'été femmes robe décontractée col rond lâche Big Swing jupe sans manches Soild couleur robe de plage,1,10,100,0,3.56,0,0,white,XXS
Sexy Solid Solid Ruffled Chiffon Sling Top Pure Color Femme Débardeur d'été Taille Plus Grande,9,8,5000,0,4.06,0,0,orange,S
Femmes d'été Sling Dress V-cou Floral Strap plissé Casual Pocket Large Dress,6,6,100,0,4,0,0,white & green,XS
Zanzea S-5XL Été Femmes Col Ras Du Cou Sans Manches Graffiti Imprimé Casual Lâche Maxi Robe Robes,11,68,1000,0,4.13,0,0,red,M
Femmes D'été Nouvelle Mode Shorts De Sport Couleur Unie Élastique Shorts Femelle Slim Fit Running Pantalon Court Gym Workout Élastique Casual Sport Pantalon Court,7,6,50,0,4,0,0,blue,XS
"Pantalon de couleur unie à la mode pour femmes, pantalon décontracté à jambes larges",5,38,50,1,5,0,0,khaki,XS
"Femmes Shorts d'été à lacets taille élastique lâche mince pantalon décontracté, plus la taille S-8XL",2.72,3,100,1,3.1,0,0,yellow,S
Robe en coton à manches courtes pour femmes d'été de mode classique européenne et américaine,5.87,11,1000,1,3.91,0,0,white,S
2018 New Fashion Women Casual Playsuit Dames Jumpsuit Romper Summer Floral Playsuit Brand New (3 Colors),11,10,5000,0,3.72,0,0,white,M
"Femmes été tricolore couture manches courtes robe longue dames casual col en V coton, plus la taille robes longues XS-5XL",8,10,100,0,2.71,0,0,red,XS
Plus la taille 4XL 5XL chinois vêtements chemises pour hommes coton lin chemise hauts d'été,14,67,1000,0,3.81,0,0,blue,M
Nouvelle mode d'été femmes robe décontractée col rond lâche Big Swing jupe sans manches Soild couleur robe de plage,2,9,100,0,3.47,0,0,white,XXS
Femmes Mode Lâche Casual Soild Couleur Camisole Sans Manches Dentelle Débardeurs D'été,8,7,10000,1,3.93,0,0,yellow,M
Summer Beach Fashion Plus Size Femmes lâche manches courtes Blouses longues Plus Size Deep V-cou Party Dress Dames Casual Solid Color Beach Wear Maillot de bain Cover-up Short Linen Dress,5.79,30,1000,1,3.41,0,0,white,XS
Tendance été nouvelle conception lettre imprimée femmes T-shirts col V profond chemises sans manches débardeurs décontractés,8,22,100,1,3.74,0,0,winered,S
Robe d'été à col rond pour femmes d'été Robe décontractée sans manches Robe imprimée à fleurs Robe fleurie,4.94,5,10000,1,3.93,0,0,black & green,M
2018 Femme Femme Mode Note Musicale Débardeur Asymétrique Mode Dames,8,7,10000,0,3.82,0,0,orange,M
Femmes été imprimé grande taille pantalon décontracté lâche pantalon harlan pantalon long,11,10,100,1,3.46,0,0,black,S
Fashion Women Sleeveless Lace Vest Loose V Neck Solid Silk  Lady Casual Sexy Black Tank Tops,8,33,10,0,5,0,0,black,S
Nouvelle tendance col rond en forme de coeur t-shirt casual hauts lâches femmes mignon drôle t-shirt plus la taille,9,33,50,1,4.5,0,0,white,S
Femmes Mode Combinaison Courte Spaghetti Strap Sans Manches Barboteuses D'été Une Pièce Ensemble Casual Tenues D'été,7,6,100,0,4.26,0,0,armygreen,S
Nouveau Mode Femmes Casual Shorts Costume Été Tie-dye Imprimer Halter Bandage Sans Manches Dos Nu Crop Top et Élastique Taille Shorts Pantalon Deux Pièces Ensemble,11,10,10000,0,4.24,0,0,purple,S
Good Vibes Shirt Summer Shirt Rainbow Shirt Rainbow Pattern Shirt Letter Print Shirt Round Neck Short Sleeve Shirt Splicing Shirt Solid Color Cotton Shirt Slim Fit Top Plus Size S-5XL,8,92,100,0,3.56,0,0,yellow,S
2019 Mode pour femmes Maillots de bain Deux pièces Bikini fendu Bikini Set été Plage Imprimé Maillot de bain de bain,5.83,5,10000,1,4.22,0,0,whitefloral,S
"S-6XL Summer Cotton Plus Size Women Fashion - Mini robe décontractée sans manches à rayures, sans manches, en coton d'été, pour femme",8,7,1000,0,3.42,0,0,pink,S
7 Couleurs Top 2018 Femme Femme Femme Sexy Top Blouse d'été sans manches Top Blouse Dentelle Gilet Débardeur Chemise,5.77,5,100,1,4,0,0,armygreen,S
XS-8XL Femmes De Mode D'été Sans Manches Imprimé Floral Sling Dress Deep V-Neck Slim Fit Big Swing Beach Jupes Lâche Casual Longues Maxi Robes Dames Plus La Taille Robes De Soirée,5.9,5,10000,0,3.64,0,0,grey,XS.
"Femmes sexy couleur unie bretelles mini robe mode d'été sans manches robe courte, plus la taille",6,20,100,0,3.08,0,0,red,S
2018 Mode d'été Femmes Débardeurs Débardeurs Femmes Sexy Culottes sans manches Casual Style Femmes Coton Imprimé Dentelle Coutures Irrégulières Blouse Tops（S-5XL),7,6,50000,1,4.41,1,0,green,M
Nouveau Summer Womens Fashion Plus Size Tops Trendy Sleeve Feather Print Lace Up V-neck Off Shoulder Blouse &Shirts S-5XL ,8,7,10000,1,3.7,0,0,pink,M
Plus Size Summer Women Casual Robes Deep V Neck Floral Imprimé Plis Sling Robes,12,11,1000,0,3.81,0,0,black & green,S
Femmes 2019 Mode Bandage de mode 2019 Maillot de bainSuits Colorblock Bikini Ensembles Maillots de bain,5.78,8,20000,1,4,0,0,pink,XS
T-shirt décontracté à manches courtes pour femmes,12,17,5000,0,3.94,0,0,white,S
NOUVELLE Robe d'été sans manches imprimée à fleurs pour femmes Robe sans manches à col en V sans manches pour l'été Robe sans dos ,11,10,20000,1,4.07,0,0,floral,L
Summer Women Fashion Fashion Robe courte sans manches Robe taille camouflée Robe camouflage Bodycon Slim Fit Robe grande taille S-5XL,8,51,100,0,4.29,1,0,pink,S
Femmes été imprimé grande taille pantalon décontracté lâche pantalon harlan pantalon long,11,10,100,1,3.46,0,0,black,S
Femmes Camisole extensible Spaghetti Strap Long Débardeur Slip Mini Dress 4Color SIZE XXL est disponible maintenant,5.77,48,100000,0,4.1,0,0,black,XS
COMENII Femmes Tuniques d'été Tuniques Robes T-shirt Robe d'été Robe décontractée pliante Femme Basculante ample Robe évasée Manches courtes Robe de plage Robe de plage Sexy O-neck Grande taille Débardeur Robe de poche Robe de soirée Mini robe de soirée Mini robe pour dames Mode Robe en tissu de coton plissé de couleur solide,9,8,20000,0,3.7,0,0,grey,M
Mode féminine d'été T-shirt à manches courtes Dames Femme Col en V Évider Chemisier lâche décontracté Plus la taille Tops,1.72,2,100,1,3.77,0,0,fluorescentgreen,XS
"Pantalon de couleur unie à la mode pour femmes, pantalon décontracté à jambes larges",1.86,9,100,1,3.57,0,0,pink,XS
New Summer Fashion Women Striped Stitching Stranger Things Print Tracksuit Stranger Things Clothes 2 Piece Set Woman Sports Suits Shorts Crop Tops   Shorts Pants Outfit,14,92,100,1,4.54,0,0,black,XS
Plus la taille des femmes de la mode lâche décontracté col en V point de vague imprimé floral épissure gilet d'été camisole,3.69,4,1000,0,3.64,0,0,red,XS
"Mode féminine sans manches col profond croix sangle spaghetti couleur unie débardeur chemisier lâche plage gilet haut et chemisier été T-shirts décontractés, plus la taille",5.79,42,1000,0,3.32,0,0,red,S
Salopette en coton pour hommes Camouflage Shorts lâches Pantalon taille élastique,11,30,100,1,4.11,0,1,orange & camouflage,32/L
6 Couleurs Automne Été Dames Casual Lâche Solide Réservoir Salopette Longue Bretelle Salopette Salopette Pantalon Plus La Taille S-5XL,9,8,100,1,3.18,0,0,red,S.
2018 6 Couleurs d'été de la mode d'été des femmes de la nouvelle mode Sexy Whiskey mignon Imprimé dentelle Patchwork Spaghetti Strap Strap T-Shirts Slim Bodycon Off The Shoulder Short Sleeve Blouse Casual Cotton Outdoor Tops Plus Size S-XXXXXXL,6,8,10000,0,3.96,0,0,black,L
2020 Hommes Summer Fashion Brand Summer Suits Casual Athletic Set Short Sleeve Tracksuits 2Pc: Shorts T-shirts,20,17,100,1,2.8,0,0,green,Suit-S
Women Summer Off Shoulder V-neck Bow Top Top Cotton Casual Stretch Slim Slim Fitted T-Shirt,5.66,5,5000,0,3.89,0,0,black,S
Pnma Hommes Été À Séchage Rapide Shorts Hommes Swim Beach Shorts Shim Shorts Beach Wear Sports Gym,8,65,100,0,3.97,0,0,white,S
Nouvelle Fashon Women Summer Sleeveless Spaghetti Robe de plage à bretelles sans manches pour femmes Robe décontractée à imprimé floral Robe de fête,8,7,1000,1,3.61,0,0,lightyellow,XXS
2020 Marque De Mode Imprimé Pantalon Court Casual Jogging Pantalon Slim Fit Hommes Sports,6,6,1000,1,3.82,0,0,grey,S
Summer Cool Leaf - Ensemble bikini imprimé pour femmes - Maillot de bain de plage mode estivale,11,10,5000,0,3.96,0,0,black,S
Nouvelles femmes de mode robe d'été imprimé floral sans manches genou longueur robes dames lâche décontracté bretelles spaghetti robe grande taille,7,6,1000,1,4.2,0,0,white,XS
Casual femmes ras du cou à manches courtes feuille imprimé lâche mini robe d'été,11,10,10000,0,3.77,0,0,red,XS
2020 Femmes Mode Col En V Couleur Unie Slim Fit Coton Décontracté Deux Pièces Vêtements De Sport,5.81,30,100,0,2.61,0,0,green,XS
Femmes classiques dos nu en dentelle évider licou cou mini robe de soirée,14,12,10000,0,3.93,0,0,blue,XXXXXL
Womens Summer Fashion Lip Print 2pc Set Ladies Casual Col rond T-shirt à manches courtes et short,5,51,10,0,5,0,0,black,XS
Mode femmes shorts en jean couture dentelle d'été jeans shorts 3 couleurs,5,5,100,1,4.3,0,0,coolblack,XXS
"Femmes demi-manches lâches chemises d'été décontractées chemisier hauts, plus la taille XS-8XL",11,10,1000,0,4.12,0,0,multicolor,S
Femmes Short T-shirt Shorts Costume Sport d'été Porter Casual Coton Yoga Lady Crop Top et Shorts,12,67,10,0,3.67,0,0,pink,XS
Mode broderie électrique double face petit motif marguerite femme été chapeau de pêcheur solaire extérieur,5.68,5,10,0,4.5,0,0,purple,
Shorts d'été Pantalons Hommes Shorts de bain à séchage rapide Maillots de bain Shorts de plage,11,10,100,1,4,0,0,black,S
VANGULL Camouflage Shorts Fashion Basic New Board Shorts Femmes Loose Pantalon court chaud avec cordon de serrage sans ceinture,17,15,10000,0,4.16,1,0,camouflage,S
Débardeur d'été de mode pour femmes Casual Camisole sans manches à col en V imprimé,7,43,100,0,3.71,0,0,purple,S
2020 Hommes Marque De Mode D'été Costumes D'été Casual Athlétique Ensemble Survêtement À Manches Courtes 2 Pc: Shorts T-shirts S-4XL,12,85,50,1,4.75,0,0,green,S
Débardeur décontracté sans manches en coton à ourlet irrégulier,7,6,100,0,5,0,0,black,S
Mode d'été femme papillon réservoir gilet sans manches col rond haut décontracté,7,33,50,0,3,0,0,blue,S
S-5XL Été Nouvelle Mode Femmes Argent Lettre Imprimer Robe À Manches Courtes Jupe Mode Casual T-shirt Robe Plus La Taille,11,59,1000,0,4.11,0,0,yellow,M
2020 Été Femmes De Mode Élastique Taille 3/4 Jogging Capri Tuyau Strass Danse Paisley Cordon Casual Sport Fitness Pantalon,12,43,100,0,3.59,0,0,lightpink,M
Mode d'été pour femmes Tie-dye imprimé Short imprimé décontracté Ensemble de deux pièces Ensemble de sport,13,51,5000,0,3.61,0,0,yellow,S
Women's Casual Sleeveless Stripe T Shirts Dress Big Swing Maxi Dress Summer Beach Long Dress Plus Size XS-5XL,2.72,9,1,0,5,0,0,orange,XS
NOUVEAU Femmes Casual Débardeurs Blouses O-cou Sans Manches Dégradé Couleur Coton Impression T-shirt D'été Gilet Blouses Lâche Plus La Taille S-5XL,6,6,20000,1,3.99,0,0,green,L
Printemps et été nouveau Tik Tok Ing Ing sans fin lâche grande taille court Crop Top et Shorts Set,9,56,100,1,4.03,0,0,pink & black,XXS
Dames d'été Tie Dye Imprimer manches courtes hors épaule Casual Plus Size Dress,5,5,50,0,5,0,0,yellow,XS
XS-8XL Femmes Été Casual Tops Col En V À Manches Courtes Chemises Dames De Mode Solide Couleur Coton Lâche T-shirt Plus La Taille De Couleur De Sucrerie Dame Pulls Blouse,5.86,5,1000,0,3.73,0,0,white,XS
Débardeur femme été sans manches col en U imprimé floral mode Débardeurs décontractés grande taille (S-5XL),2,2,10000,1,3.99,0,0,green,S
2019 Chemise sans manches à la mode pour femmes,7,6,5000,0,4.38,1,0,grey,XS
Tissu taille formateur gilet chaud shaper été shaperwear minceur réglable sueur ceinture corps shaper,5.66,6,100,0,3.08,0,0,black,S
Nouveau Mode Femmes Lettre Imprimer Tie Dye Halter Sans Manches Longue Robe D'été Coton Bohème Maxi Boho Robe,13,17,5000,0,4.11,0,0,pink,XS
2019 Nouvelle mode d'été féminine sans manches à pois à pois et encolure en V Mini robes décontractées à bretelles au dos sans dos,8,7,5000,1,3.6,0,0,yellow,L
Femmes Casual Round Open Toe Sandals Female Slippers Vintage Orthopedic Buckle Strap Anti-slip Respirant Summer Beach Sandals Roman Gladiator,11,10,1000,1,3.78,0,0,grey,EU 35
Maillots de bain à rayures pour dames avec double débardeur tankini (plus grande taille),8,7,20000,0,4.05,0,0,black,S
Printemps / Été / Automne Nouvelle Mode Indo-Forme Tête Lâche Grande Taille Couleur Unie Hommes Velours Wirtschafts Hommes,16,76,100,1,3.53,0,0,red,S
2020 nouvelles femmes d'été loisirs vacances chaussures plates forage chaud tongs sandales,11,10,100,0,4.6,0,0,silver,4
2018 New Fashion Women Casual Playsuit Dames Jumpsuit Romper Summer Floral Playsuit Brand New (3 Colors),11,10,5000,0,3.72,0,0,white,M
Women Off Shoulder Chest Chest Wrapped Sexy Chiffon Tops Halter Neck Loose Long Sleeve T-shirts à manches longues,8,7,20000,0,4.16,1,0,black,S
Mode féminine déchiré Denim Shorts Casual Été Slim Jeans Court Legging Pant Plus Size S-XXXL,14,12,1000,1,4.04,0,0,lightblue,M
2020 Été Sexy Femmes Halter Tops Plage De Natation Lettre Imprimer Maillots De Bain Lady Push Up Gilet Soutien-Gorge S-5XL,7,6,100,0,3.6,0,0,black,S
Nouvelle mode femmes sans manches à carreaux Dess Vintage robe d'été au genou décontracté robe de soirée robe,12,11,20000,1,3.89,0,0,pink,L
NEW Women Casual Loose Solid Color Dress Short Sleeve V-neck Dress Plus Size,7,50,1000,0,3.49,0,0,Army green,S
"10 couleurs femmes shorts d'été lacent ceinture élastique culotte lâche, plus la taille S-6XL",2,56,100,1,3.07,0,0,lightblue,S
"Shorts d'été pour femmes à lacets taille élastique culotte lâche, plus la taille",6,16,100,1,3.11,0,0,white,S
New Women's Summer Tops Sleeveless Spaghetti Strap Casual Printed Cotton Tank Tops,8,7,1000,1,4.07,0,0,lightgreen,S
